test_id,sentiment
53bb8dff-4a07-4aac-a6f2-ca552389652c,-1
a01e1c68-2f77-4073-87c5-d7e5d75c8a79,-1
9a5e4b98-ac29-4138-bc28-fc878d5d8269,0
9ef55f06-7748-4e02-85c7-fa3e46bb02dd,-1
d93b4084-3000-4026-bae0-ecb65564dbbd,-1
5f8bdef9-225c-4bf7-bc09-e98caf404a9c,-1
5251826a-2476-42ad-9815-3840fcc3dd22,1
54ac2429-6922-4648-b321-ef88ff583b18,-1
ceb8a1d6-1cee-46e6-9d18-9074c3a2c2d1,0
61be8933-9e41-4633-ae57-f8f561447234,-1
7d7ff6d4-77d8-4aa6-b0d5-fb3ad99b2df7,0
8ed50e96-40c0-48fc-a552-1be6d32a266b,1
b0c2d138-38b8-4fdb-b5d7-4e442e61dd2a,-1
4649b2a9-a752-4600-a427-972c14703998,-1
3735fbd0-f796-4156-b216-4eeadb139d0e,-1
ccf10ed4-7816-4e4e-bed0-b017a64151be,0
0c27b802-e78c-4ad6-9ea5-68c9bd6387c9,0
7ad9e18f-4b1e-442e-aee1-1f45b23cff5d,-1
42cb832f-21dd-4c5d-b6e9-6db47b50d2da,-1
5df754f6-1753-4044-b191-7cec1568bdb1,-1
70aead71-df90-4687-9158-3fe9da8c6c6a,0
f4b444e3-1a8a-460a-9483-f75701957c63,-1
7c0d9a7b-0559-4dc5-b06a-690dcfb5d50b,-1
d4984ed4-aba3-4361-8f31-532f8d56bd1f,-1
e86c0ac1-61ee-47da-9b76-010a3e2ee1ac,0
fc0d333c-f324-404b-8b8d-435fc73de6f5,-1
4a1a075f-40f3-4ee1-954e-53058ee55412,-1
98e4299f-1f1b-44d0-80bb-1751472b3c4b,0
2d88d5d4-a6f0-4ca7-b82a-0f7cbca130bd,0
4c07e6c9-a445-4304-976e-999f56ce8899,-1
1beb2c75-fc64-426f-9d1f-3ccf0e479006,1
d4a8240b-1fe1-4ad3-9a91-3d543a2d8f9e,-1
4b0ad0c3-5a3b-4395-9112-06ccc64fc78c,0
e2c7feb9-11f4-45ac-943a-41f0d900498b,-1
74b8b150-46fa-4d7f-95de-e320d8f31059,0
3738a8c1-6c08-4a8b-99fd-a1bda475cd9e,-1
a874b31e-bc26-48d7-a1d0-c9790df649e0,-1
93400673-4111-4f45-a303-49b2b493cc33,-1
0f33bc37-b07c-4fed-9675-576394960d9f,0
c16fe9a7-4a9f-4eb6-af29-9f8e40bc5d8b,0
c959ec23-db3f-4648-845b-80ed07fe849f,-1
597a1dbe-8858-41e2-82de-06567e851321,0
2103879c-9790-477c-95ff-fb117402dab7,-1
9d0e0016-6b9b-4508-8de1-50e6afcfd6a4,-1
3e64d5d2-3d05-4eb6-a56c-b1a279725b7b,1
2c654405-ac04-4536-83a9-95d05ad7014d,-1
54fa701a-c5ed-4252-8119-1e225bedebeb,-1
a6998080-84af-4ba7-92c7-05f8e7ffd43b,0
b15f2d51-bf79-4c52-b156-8806f68a1088,-1
b1687906-6ae5-4bd4-bdb2-d28647fa0468,0
3384e968-5651-4eb4-9895-6fdbd06e1d94,-1
6538c635-58b3-4049-a3ed-bbd4823e324e,-1
f13bc715-e8af-46f9-8b23-f7e04c44a173,1
e2f453d4-1591-4dfc-b080-db0dd87664f4,0
3cb16904-482a-4157-8980-6af59ec40f0f,0
e8a38c23-2a91-408c-94ab-e76670704b2c,1
8e798db0-805b-427f-9a08-2a608f948dbf,0
dc1bfab7-34e6-479b-aed3-829953d9aed9,0
9c220440-f86a-40fd-878c-27fc16ec370b,-1
ae07da79-4ed1-4e1d-a0fd-7e2e3ee3173c,-1
80abd8cf-70df-46ae-8166-d97f4136677a,-1
76109a8a-ca81-4332-b91a-a44ea81642ad,0
383a06e6-dcc0-43b0-8d69-6fbb83ed73de,-1
e612a1d6-c69d-4b95-958d-ba3dc296c368,0
b43ef999-7a55-4a7d-b162-29454c0704c6,-1
ed5e0a61-5ed7-4024-81b0-b888572b02a8,1
3b51a531-bb25-4f18-ae17-b4fb3aa3cf02,1
8d9a454c-b0f9-4375-b7af-232a80d6a6b4,-1
69176a04-8f12-4c60-8070-d0f2b89c900b,-1
ad7ee56b-9673-482d-a56b-66e372818d1a,-1
38d259c4-ab8b-4503-bc78-c969a3a33452,-1
620c967d-bb2f-4f4b-9818-725a23e411bd,0
030ca4ee-769a-4f5e-b5da-331f2fdcec3a,-1
c4803a3f-b042-47f6-88a6-d28748eb87af,-1
288b125f-4fbb-4050-aa4b-ffed48121c3b,1
0e561b8f-00a9-415a-a139-26c8b9a623a4,-1
28041fda-f4a1-483e-b760-a12686e333e3,0
36cd817c-5423-4ad7-b367-1381a55f6e7b,0
230d17e0-6e6a-41ca-8145-16b514e1cace,0
4b4185f3-3cf6-42b8-a365-e2adad850fd8,-1
844b7cc8-6b56-4c3f-937f-a113eda75da1,-1
05375b4a-9504-493d-8906-f49d71812161,0
3b063309-1550-400f-a0e2-c103681332ca,-1
ce8fb63c-afd5-4c8e-ada3-d8145599947d,-1
d3a11a96-749b-42ed-9044-a40a8b341705,-1
fd7f08a8-36ca-45af-94c1-025349ba7be0,1
5c178158-9294-4542-b351-44d14959d764,-1
1a1d8cba-c773-479b-b0c8-3644698b03c5,-1
31596a7a-2fc5-49fc-ae59-0b9e39e9301b,-1
51cc49db-0ac7-4230-9893-668a5e25bd0d,-1
69b50f57-30b6-4802-ba22-b94d34f886bf,-1
2cfb555e-239b-4ac8-81a6-3af0c33451c3,-1
aa68697d-6498-4e85-b1c3-02ba5077386b,-1
5c0dfdc2-b812-4a70-b6de-4452874308b9,-1
81f05ea1-4fe5-420d-aae9-ab5236740834,1
aecb99a1-c0af-4ded-aeae-fa5fe728c735,1
667cc37d-b021-4f52-83e2-e3067e31c3cf,-1
70e72092-ef7b-4a90-bedd-7a8a01a841bf,0
d8185296-9e5e-43bb-87e9-d3026745cf06,-1
9b36567e-a31c-417c-9f98-4791f0a1b045,0
b5870b7b-0d44-4d34-8ad0-54f73521c87e,1
f9a9ce12-7c8a-409e-9d9d-882fadcf98a0,-1
640cdd10-c857-4a22-a160-eb52f1f48b35,0
b66660a2-3014-4fb0-a236-106022a6917c,-1
496f72df-eb7b-4323-830e-703773b8a3b1,1
06fc2b70-b76e-475b-a093-ba60dc63cf90,0
6af7fb28-9690-442d-8593-f443aa36afd0,-1
f244ca3a-86b4-44cf-82c5-d53d21fc0040,-1
e30cf687-b243-4df9-8187-efc070833722,-1
4250ae03-f3b7-48bc-945d-2c51b51139d5,-1
9fca5fb7-a7b2-4ca0-ad87-02b2eeba458e,0
f054a47a-a725-408b-b52a-afcb9e04dfdd,-1
5d2ac4ab-3de2-4e08-9eb0-d66ddfce7129,-1
369de5ca-bc9f-4bef-859c-d30bc92dcb2f,1
a2e17b5f-b8f1-4353-b4eb-6a85c91bdf83,-1
9be57fce-eb1a-4389-aa43-924634c841d7,-1
91d68e69-632e-4f9a-af3d-fdd56cc439b3,-1
9aab2350-fe63-4be4-861e-a5871d4f9260,0
4b98e0ec-66d5-4fdf-b477-059627982324,0
35b43963-ef10-4ebe-93bb-04a479d2fc58,-1
9889fd37-f675-4e19-9829-5c3b1d26806e,0
598d957a-04e1-4264-bd89-b1a4f3ca5621,-1
c195995e-d992-46a9-b528-fc847fa77b5b,1
902a3b60-52b1-48f8-afd2-b9c39725ed5c,1
a3fbdbfd-986a-400e-a2b0-032c71c0bd6f,1
3dfeb2cc-916d-4af6-93dc-2e2c966c4389,-1
9fd4138a-ddad-4838-8514-4d178f0b81ad,-1
cae90e85-1b89-45d5-9d50-d74ee51f3103,1
41c23e87-8b8a-4797-9f82-d28e331ddb20,-1
7c3b1ef9-0441-4531-b2ea-4b419a37ab9a,-1
0531e3e9-f473-4a4b-840b-ba46d36b5700,-1
8413e343-ed99-4023-8fb9-32bc883e7208,0
9bd0f4b0-b5ae-4aa2-83a3-7c78fd5bd2a7,0
5c173da4-6521-481b-8f57-c4972aa21d82,-1
bec6c2b2-24e4-47a1-b743-20d892e3b9e1,1
f1aa0f2e-881d-4b5e-b958-be50502062df,0
51c4fc53-8da5-4f63-9d11-8cea4610fa3d,0
0fa1a6fc-68eb-4c81-bfd0-7fcc780bff3a,1
76e80e2e-ec24-4c65-998a-18d8fcefeaa6,0
5aedb948-dc90-4e1e-a611-bd9daca3c2f3,-1
f971c94e-27f9-4b7c-ab3b-ed8bee20b7c1,-1
75969686-a8fd-499d-a4d0-d1b650afc704,-1
35220ff9-8fee-4605-a53c-570e59be4906,1
6090f051-2219-4854-b705-536bcf44e456,-1
5da5548f-9179-4954-8398-6b56ac6960c3,1
83d6bdfc-55cb-4642-a9e4-011950965b37,0
d350a6da-24dc-4500-b9b3-2aaa0abb92f9,1
42e043de-bb19-4a6e-b76f-e8d50b87f4a8,-1
d78a2ad7-55cf-4536-b99a-b5a29ab05ca5,-1
35ed1de2-28fb-495e-835c-c086f2a7592f,-1
5d77e6ed-4475-48df-a030-28a232770795,-1
bd80c42c-fb0f-4167-9828-cb2f749decc5,0
2ae77166-efaa-42c9-9a2e-974e5151fd37,0
962699b5-0c76-43c6-accb-735de63b245d,0
fab08158-1a27-49ee-a2c6-20fb92092447,-1
6938c7b1-94a4-437b-af9b-06dbc7b4fab5,0
975a1475-13b8-438d-aa7f-e3c372eae942,0
096e67c7-9c00-499a-a0fc-1fffd96d3768,-1
b72a566d-289e-4fd9-932d-39dfe8ef8467,-1
b1fd970e-6f5d-4909-990f-8c1356b651e4,-1
1d9dbdba-6450-4ae7-8225-e4e75b4193bc,0
8b65cea1-13a8-48ec-b6f7-68646072ef7a,0
f635b3c1-2d3b-49dd-a6d1-ea923abadf74,0
5dbb7a89-02ed-431d-8d53-56cbd3253ffe,-1
0ce6d925-e517-4365-9a1d-aecd3742131a,-1
4787e107-f8e6-4094-b340-c60cfe0302f8,-1
3dce5816-e2c3-415a-b2c4-14ede4110c58,0
ba53a4a8-e67a-42c1-b157-bd2d61e3fa5b,1
88f89f17-f373-49b3-a408-cbe9bf1c341f,-1
b7b9142c-ffdb-45c0-a419-4f26015f68c9,-1
1a92bf93-cfe4-4c32-84de-fd13c91ec85a,0
4f9b6974-8b71-4d80-a5ef-b47e40105651,0
997d7d93-9d07-483b-8cac-76a922d3b64c,-1
fae099d8-a3b0-4097-b963-421bc713eca6,0
5871897b-d90e-4a57-ad02-9802eb5ac23c,0
dcf831d5-df05-4a28-8282-3e75ad353f1a,-1
09a06c59-7775-4919-bfc5-c0e5972a1fe7,-1
850dc98b-853b-4e83-b3f4-6fbb654640b8,-1
e3712606-165d-451e-ae9b-5e7ddb42133a,-1
48a04dd9-4350-445b-922a-b209b241152b,1
54a8d21c-46e8-44ae-a9e4-8316afd8aeb1,-1
f963f85d-1549-40ec-aa58-844aaec1868e,-1
44bdbebe-66f9-467b-a8cf-0b2fb5e6ebf2,-1
71001b7e-5ed9-4ca2-9942-abbb50ea993f,-1
7b7b6c89-5c8c-422b-a38a-556250964db8,-1
11821212-a5f9-40ab-9086-bacf2a080b28,0
0295c0b3-ee85-4075-9fd8-138f08ca5b60,0
be77bba4-9d50-4a90-8119-071c60a5a9a0,0
3923b9a9-95e1-4d5e-ac0c-0df3e71651f3,0
a336f8d1-d4a7-4105-b78d-8e3b171430cc,-1
9a9f92be-a113-4d10-a7b6-1ea6abddb3a1,0
a4c56a63-0ccd-4a06-931c-9ccc287191ce,-1
fddee3fb-b6c2-4a5d-b7ea-7e7eb864e19b,1
6ad7e9fb-c039-4163-88b1-7aebb5dcce37,-1
5e5754c3-87cf-4623-9905-f04416f548e3,-1
c8ac3009-1144-4feb-9cce-fed98901d9f2,-1
1b62b55d-3a0e-4e12-99d5-fd6ecca0ab79,0
6c9127f5-97d1-4710-b639-d6c6b887f672,-1
69a8f6b7-1354-4cdd-8f09-691d0d78e7a2,1
6b4c07cc-bb47-4769-9f6d-70f163f24fce,0
74e5cd32-3a80-486d-9176-7d4e6e1b2f79,0
e5edbae6-73e7-48bd-978c-d5afb3e4551d,-1
208801e2-961c-4eb8-9b7d-53fcfb138e25,0
f033e8ca-6c1a-444b-bb28-058989d86ac8,-1
ba74fd68-4e4f-4995-881d-3efafa641499,-1
2dc95fff-c02b-48a7-b2b7-f0d36f5a708e,-1
3be02f85-e1f5-4bb6-9055-37881ae939cc,0
8cd040d3-d66f-4cc3-bb0e-c34504fb775a,1
88b56744-b81f-4fd0-a004-7ccfdb640322,-1
e5f10109-8409-4bfc-ba31-f1014466ecf1,-1
53d79e39-5c7e-4650-981f-57a62be8d255,-1
849a0afd-6404-4b3d-b2b2-b628567769f4,-1
d0ac27b1-5d04-47f6-815c-0856346904c6,-1
520b01fc-deb0-4217-8002-6a9e9a688c09,1
d49da392-a083-4da3-b4b5-b24bd98881d2,-1
146e2ac5-73f7-4cb3-97ce-cf56f2171f87,-1
2c71cf6c-6235-4eb1-8c80-89bd4673f881,-1
0659f0c2-4011-435f-8b90-4a4355703df4,0
80c28007-8951-4443-9bc8-78b7d310ae8c,-1
64facfab-be2c-4e7c-a00a-af16518d5649,-1
205f1bb1-055d-4500-b43c-7ad5429d507f,0
6663b5e7-3551-4bf1-aabc-0176eed53ff3,0
d286d7ee-ac9e-497f-99cb-27029add80d9,-1
af3bfcaf-db41-4da0-8f81-babe4cd53cd8,-1
e6bddeb4-ed06-4b1e-b995-fa2f1d5596ba,0
42911321-3aa9-4453-9892-f0d16fad4929,1
41a778cf-0fd5-4653-8157-fbcbd273beb9,-1
cafab117-c54e-4057-a4eb-cf8d3a8afb9a,0
13b787b7-ecfa-49bd-bb13-78ffc5b6150b,0
5679820c-fe06-489a-a66c-9285c1cdfcc3,-1
177fa10b-e053-47d8-9ffe-9f9a2569e95c,0
27e15cfb-67dc-4181-b3fd-0fa93d3b5b31,0
d756deb8-7c80-415e-bee0-12cc03f1825c,1
e2da5ca1-bd1e-42ac-a1f0-b1b7dee3eeb7,0
39a1b64d-153a-4494-b5bd-55cee2097a3d,-1
a4f14bb2-4e60-4802-9225-2e1ec5d2fd2d,-1
58592d80-867b-403f-b7f6-c6b1776cfe20,0
3541d328-97a1-4d85-8d84-7420e74d3eb0,0
1caaa792-8ed8-4454-a408-c1e787369334,-1
77892ed9-266d-476b-8c7c-01a5151e848b,0
0175dcd2-e926-440f-965e-c7ab04d7db6a,-1
458d149d-241a-482e-a33f-8b9e2ea2f79b,0
f38460ea-f498-4bad-9e82-dfac5728536b,-1
89667ccc-d7cb-4933-93ff-f8146c9ece5b,-1
270aebc5-0411-4ddb-ae22-dda80615d8ce,0
d1770a9c-3f47-4f99-87be-834b5cf34e28,-1
b4d686b0-1054-4624-99d9-a35b0d23c562,-1
322b5ba5-bf6b-4317-8dc0-4583ab9ed175,1
e0b4bcef-5a08-4d7c-a9c1-ae6fe29e5d02,1
66423a8d-149b-4f23-9455-a22ad91c3eac,0
e06ccbaa-e7b4-4707-8d31-eb14153f9810,0
531b1e58-de37-4878-b316-af54c02186d0,-1
b6b5a484-ec12-431e-a0fb-a55956c4d81c,-1
46025e31-5d3d-455f-9678-0232b2547d63,-1
2d246626-63ee-4e2f-8759-c834527f1e53,-1
26982ef8-2908-40d1-92a3-1546bf5bf8f1,0
ada06bb7-a67e-4239-a2ea-95930f706e7e,-1
8e4d5608-c980-4d4d-9b1b-0d97c8d19823,-1
2113a394-3034-456e-b766-a62cec6f99d6,-1
3cfa646d-a9d2-472e-87fc-df7b191e0d55,0
52dca989-36bf-4374-9041-79a0fdd600f6,0
9774d371-477e-4982-8772-4fad4d8405b5,-1
c63b5524-7d43-484b-9ee9-d32aa41d142d,0
19135fab-b88a-4f1f-8d63-9f1f2be3dca6,1
bc7e7c8c-8e4a-46d6-9f47-b06f289416c3,-1
3833efbb-e669-435c-8b23-9a1d6bd7bf48,-1
a9bb8742-5c2d-4945-9aa8-8cd5abedb184,-1
3ca05463-ba82-4137-86b8-1366eab4296b,0
279f6114-36b5-4e64-930a-69920cc30dc5,-1
e485f8d7-d0cf-4863-b0e6-19655888437e,-1
d297956b-4059-4cf3-9610-3d5b6738d25e,-1
d3e3a4f0-7461-4373-a15a-218e0408ec14,0
4c43edfb-187f-4314-9ba7-61660199a0aa,-1
5a3f485c-6032-47b6-b908-f0502437d4d1,0
2e3a075b-f08d-41e3-9565-be010b1f3c07,-1
7b42120e-a6d9-4c77-83db-3cf500db0d21,0
30d8552e-2768-4405-8283-2e266c719082,-1
17c043d9-134e-483c-be81-1d00d4828d40,-1
3ed2ab6b-0a26-4540-b526-9c8039f838a1,-1
c1115cf0-739b-4006-b392-4aaa35840ea9,0
51deff4a-d3ca-4ab5-81ab-7e0bb81f2fbf,0
5f05f23a-fcd5-4b7f-b16e-30902e02875d,-1
1c333c25-095a-45b2-a924-8e566edec186,-1
e8601004-842b-435e-a86e-93037b789897,0
0fc38ca5-873b-4a3d-97cb-d2a298a06c43,0
2fd44843-287f-4d2f-9692-3bc96ecc1b98,-1
4d866a5b-f36a-48f1-963c-144b0da6ecc8,-1
9de1b5f1-7a87-4bba-bdcc-e9824cb27312,-1
c04e2e64-cef2-479f-ad27-b8e86aae21fb,-1
3a1a667c-f47d-494c-80ad-937925e987a8,-1
210dd070-18bf-412d-9174-fd7174c91a49,-1
3902da21-265f-4953-98bf-5c3626a23543,0
a8d3362d-85a7-4553-af77-a256038d8d43,-1
7f70c545-05b1-4c70-90b5-22ca9c1c8192,-1
1c03ad7d-65b1-442a-829c-a6ac06d70a22,-1
ccd3a490-ba11-40f8-884c-75dcda93931a,1
15ed5b62-1fe5-4a15-8c0e-124b34783b90,0
2a953172-2d2c-4dc0-9430-f8b034e0b1e3,-1
f724ba92-a8a7-4961-b0be-b86dc6b361d8,-1
a58e6eaa-91bf-48f5-b9a9-4b21c8e3f29b,1
907ae055-75fe-4965-b5cc-1dd2e1f41ca0,-1
7437542e-5d05-4f5e-badf-a646c8a48698,1
ebf1e5da-8508-4bbd-b676-696b542cd4aa,1
aa109373-7aaa-430c-b892-274e51a10d71,-1
1381164a-720c-4963-ae00-e4b67334c906,0
1881a86b-1a81-4c72-9f13-b97134f601e5,-1
781a155b-411d-4c42-b0fd-0a70122670e1,-1
a8d39355-e468-4f15-bcc7-d66fe1ab9c86,0
373a9b8c-023c-4bce-9851-72cff7bb4799,-1
4761a942-bbdb-4d24-a48d-07168f38c7ca,-1
3f0d62c0-a73f-4da1-b4b6-177efcaac1e1,1
47e5f5c9-7a50-4ba1-86f4-653464e3db64,1
cbcab7c7-4675-4267-a93a-0bd68ee5bb62,1
45a41c55-c544-4bf4-af5f-2a95daa7ce42,-1
2635adf0-0dfa-449d-b5ae-ea980f189f76,-1
1dcc9e12-9738-4bbf-bea6-359e7fa3c02b,0
cccac17e-21e0-4127-a520-e2659fe90e10,-1
4ef43a4f-29ac-4b7e-99a4-651170b5744a,-1
860b88ce-18b5-4add-b323-a117c565be9b,-1
efa25a5d-2ec1-406d-8874-badc444044be,0
15542f94-2ae0-49d5-9739-0232b95896b2,0
0048fa8f-2796-405c-b449-fdf2aadeb12b,-1
5bf60d56-4bf3-4286-9929-a35caed43c1a,-1
9b2df16e-983b-4e33-83d8-4d1c4f2cc0c6,1
a748d5c7-072f-4d18-b2ab-5043a7411ad8,0
50bcb23c-c314-4f1d-a341-7a43138dc612,0
8b229545-5239-46c0-bf02-022358db2800,0
bc3b999e-f2c6-4708-a16b-31000d8be1d2,0
8957acb1-8840-4bf0-9f15-50479c443b10,0
90cc81a0-b468-4779-be6c-3d6213b17875,0
800bbec2-c6bf-4b3a-b960-dd5c2f92c451,0
f6fd0a12-227c-459a-a5a6-c7780d145636,-1
9376e345-9aaa-4ff2-b174-c17a5d079d56,1
69197345-c497-4c78-8436-3b6e27c7da35,0
89204534-ecbe-4078-8823-0d2ad4db71a4,1
4e38fe23-b6f4-486b-af0b-dae59fb5a04a,0
509ff0d8-fc18-4deb-9a4c-3b03f127ad3a,-1
ab771f04-90d9-4669-a4b2-1ae5658a6d79,0
af4bd313-dbe7-4ed7-add2-ca5de01215db,-1
9d90dab2-f2ca-4d21-b2ca-b51f142e68e0,0
861b5074-0f41-44dd-b7cf-007c406195af,0
cc9b1c06-b8ce-4f5a-9ea1-66831800ba12,-1
da6f59cd-6e7a-4f57-b964-f881b00f174b,0
2f15d07a-3a27-4655-b9a9-cf5a48e69210,0
6e3adeb4-1aff-46e8-96f1-f666a1ce7939,-1
ddd2c850-d356-4ed1-9db3-3524fc53cacd,1
47e25865-44e4-41c6-bfb6-f4c1a53dd8f4,0
0d37c9b7-0378-4410-ad88-661124d254d6,1
d05ef717-2a09-4641-8c5a-cbe99db2dd4a,1
0bd1615c-72d6-42db-a042-e601ae73857d,0
818a3a1f-da28-4a4b-a6a8-3b269786c20a,-1
93529b80-33af-4732-a086-3d2df50533ec,-1
f790c1f4-f514-40ce-9bb0-fe5684a271f2,0
fc0f68f7-4afb-4d43-b819-37ab7b671e54,0
19867ff2-ea40-455c-b82d-5cd94f4422ad,-1
993fcd33-3128-4f2e-bf07-14ca1d08fc80,0
f545178f-5943-48a0-b285-9e6cb15c6419,-1
d847ad1b-5b62-40cb-835c-dc2311154ede,0
fb0f3aca-bf2c-4245-9d7b-ca4a52e6533b,0
98d2695f-e89e-4d4c-8a9c-7d3efd092955,1
1ed04e0b-d32d-499f-b141-97bf3c587d23,-1
0b903b90-c5ff-4511-9639-652918dea517,0
787460bb-8eab-40ee-8f56-bb89822920f5,0
1ffc871b-3dc2-4cd6-8864-7117cc1c0480,-1
c05eb903-0e23-4442-81fb-7c4dedcccf41,-1
63e628c7-c788-45d3-b356-f9e72344b75a,-1
aa5762bd-6b19-44cd-b244-ec015aab7e88,-1
518f7739-c28e-4131-8ca7-aaa3aba73cc1,1
184da2bf-5210-4824-9002-63d90f50104c,-1
918e0420-fed9-4204-bf8c-c8aff8f9f6ef,1
b3a0e3cd-94a3-4fe0-9c9b-6fa8e6166ed1,-1
9c762124-6bb0-4086-855d-e5b5067d025f,-1
eeb99f4f-5b14-4aa4-a583-8279b6071585,-1
06736d29-ac0c-44c3-b8f1-7bc41a24564f,-1
509e032d-67e1-4212-a0c4-52f533411cb4,-1
18315f46-cecb-4393-a04d-da727dd1ad75,-1
bf96c5db-1be9-4d35-ba25-f7238741e670,1
72147239-e5ec-4baa-895b-2f23f9d34d3f,-1
d485f7ae-0362-4de1-aafb-2cf248129f6a,0
2118404f-bb1a-4297-83ec-913f82a1f121,-1
323adb3a-e253-40c8-a326-9460f4a15099,-1
9a1862ac-5819-440e-abbe-c0186594ea35,0
824ff2c1-0a55-4b03-af30-df477008bd28,0
5fdfccb6-f805-44d6-bb79-f0d78a6ab998,-1
0c340a49-b0fc-4b5f-90dc-f6b2649ea792,-1
badf7532-2c2d-4063-a818-fef43b0b746e,-1
664825bd-25d5-4ee4-8019-0d4a9b3f2046,0
43c464b4-4634-4621-86d9-91fc354c3666,0
46615068-8aa9-475d-9c11-2b8a3e3cc649,0
70a37363-3b78-409e-ae29-3520f305744b,0
3b89f7e3-d804-47e0-a1b9-0be89ffbd6de,-1
c5de9370-3717-4d0a-afa3-59876d6535b3,1
1c0a1523-0863-421e-8321-53160ede275e,-1
ccc954c3-2d98-4fae-a2b2-6d879cfdc3dd,0
ee1e7d85-cedb-4d95-8296-1bb8d02f3226,-1
68e014c1-3c5f-4d97-add0-fc064c5060bd,-1
9dff56c0-7679-493c-8534-04bf232f5d94,-1
daceb36f-3fb3-4c20-99c0-57893c57c0f3,1
328e6663-b933-4814-8437-7a583d028b88,-1
81525b33-101c-4c5d-93e4-1c8ccfb0e963,-1
39f55488-e1d6-4623-b5fe-22a2947edda3,-1
1fc43db7-2153-439a-8e96-a4dff52f2d11,0
e7eff3f1-b176-4577-9151-89410542c4c7,1
20dd955f-8dd3-4ecf-9386-7f3f0091ec72,-1
5239cefc-2349-4ff1-b3e7-b3c4fe527086,-1
6ad6b224-1bdb-4bd7-b8d0-00d52d07ebbe,-1
3c9a3e1c-b93b-42bc-ab7a-fba9e36dbf3b,-1
65bd3dc2-1cbe-4ed8-8893-3295892f7fb3,1
485550bd-16c3-4936-a179-e09fd7d3b3d8,0
db104ce3-438e-4b7c-8799-eb97c417398e,0
d78ef01f-0505-47d6-891a-facda94b6f44,-1
a59de6df-3e35-4ead-a431-31cdfea74ee8,0
8e5b194e-4fd5-4e69-87f8-b69b93ba7ccb,-1
52bcf2b4-7611-443d-b254-406d93e20443,-1
6b17831d-c2c6-4c2c-a874-7ddf0c53ae79,1
02ea1e7e-a058-44a0-b887-23140c038311,0
6c4d6ba2-63d9-44b3-be3c-fe7427228834,-1
fc0ba352-77b4-40f4-a60b-2d776cca6ee3,-1
dd6b7bd7-a831-4e53-8e92-7c896ee74f89,-1
38ab6a5c-10d6-43cb-9492-f925b629ab91,0
0ccce3fe-f99c-465e-a282-c3031fd3560e,-1
ecd38789-bf12-44d8-b100-159dfdac2651,-1
f56625f3-53b3-4afb-a791-7a1c9e72aebe,-1
844660e5-202c-4b7b-aab4-360b353b8cd2,-1
6749e85e-c383-46cb-8d6f-fa383cb391c5,-1
a60fe57e-1979-4ee8-b8ae-66b1188a6a32,1
82eddea0-4b02-4268-8f39-6df77c74dd1e,1
10e2389c-a580-4aeb-9940-2599c762da86,0
0b0ac7a6-dd18-48e8-8119-d4506c4e0ce6,0
980efd7a-9ffe-439b-931e-87e7d2a96ee4,-1
45f400cc-b68a-4628-b2d4-1265b91e9058,-1
f78585f4-6019-46d9-95cc-ac24b57dc74c,0
ed15f5e0-d737-48dd-bc3c-eee884e03164,-1
bb5d4331-c9a9-4198-9bb2-8427d99e7f71,-1
eca1378b-e6af-4c78-8351-789b9ebc9835,-1
808af8bb-9271-4e44-b860-98f8b7df9270,-1
05c313a9-9405-4872-8952-4f860739e5d7,-1
d52bf23f-9b23-48f6-8a78-1c38dd6713fc,-1
bf3a3152-68a1-4d40-a219-d71120a39fb7,-1
737a12f3-16f7-4d75-8bf7-923d8a091731,0
43e93fd1-d139-4156-bf83-fb404916cee4,-1
b5795579-1a5f-455e-a399-77b7b87b43a2,-1
b560cab5-2b4c-498c-a931-354c25b0e563,0
d102a2f0-9cb2-4a93-962c-72757b283a71,-1
56eb9ba8-aad8-47a9-9a04-544cc4533d86,-1
e27bbf94-d643-4455-817e-fdd28247d4cd,0
290f9dec-d4e8-4113-8b93-88cf94efe466,0
a76824ba-026e-4592-b748-2e469534c0d1,0
915ba224-fff6-4621-9c77-448e13c26296,1
21036e3e-7257-4c49-a50a-d0724905ebb4,0
c2b30dba-9a72-4c1a-bd05-e00da377af1c,0
5cca3ded-8e0c-421c-a253-cf1e8544f448,-1
6dc0abb2-61e4-439f-96eb-102e8d741559,0
aeb43b7c-b5f7-460b-a2bb-8056414022f7,-1
61ca6873-f25c-449b-b556-08a6470ba4fc,0
f8685e8a-eedb-4f52-8a7c-cd596c4049b3,-1
913715bc-1c6b-4279-b0d4-49f850ab0353,0
aa7a2e2d-a0d6-46e5-8b2a-2367e621041e,1
2b8a3a1a-7053-40aa-8a3b-c7183a558137,-1
c78ff34f-a5af-481a-8754-0ff23e746cc8,-1
c0c02209-6730-4d49-a6f0-4cee7fd659ec,-1
562c05fc-92b2-4771-9ae7-f8030625d1d7,-1
363ee607-0d1f-4b4a-b12e-1a238609e22b,-1
65adb566-d762-489c-b406-a231e1d4d0a1,-1
ff634c19-70bf-4f8d-84b1-d0a7e62cdbdf,-1
5327430d-18e5-4694-9901-f1ef8545bb2b,-1
b1fc0a77-02f6-438f-ae5a-11e9f8eae63e,1
307d9b1a-e6d8-48f0-a196-b8c16ff8e5bf,-1
bfe0d204-be11-4671-bf1a-8a94068980b9,-1
c18accb8-f066-4bce-b083-c0018f01081f,-1
aa838970-298e-488c-ab99-9e387b19dc75,1
06fcb28b-5b06-44d8-a6f6-931fe81f0210,0
468865ce-0f4c-461a-b6c8-78eda7283c7a,-1
53f52676-1ef3-4c6f-a7b2-5cd35f1d5448,-1
0816c2cf-9637-4e2c-8fd1-75dab46ed998,-1
9944f134-b206-4427-ad14-405ea43788c3,0
d9e5c0b0-7b33-471a-ad64-c520626d6773,0
198b82a7-8dda-4996-b3c1-37230a7de8a0,-1
60e711ff-1bdc-4574-8a6f-8ab06fae9bff,-1
c8a95192-3293-4c19-a037-57da43c45d48,0
ecd80d97-8adf-4d9c-b71f-79616e7586f0,-1
901c76d7-a446-4b43-af35-122f4f6dafa4,-1
97fe2db0-1040-4f3c-8d78-98362993fa25,-1
a1ea024e-4ab8-48cb-a76d-3e36878e2931,-1
e0d7cdb1-c4ae-442a-a306-2d62868a8a88,0
ecd60015-820d-4dfd-a6a9-76841e76f8a3,-1
16875463-889e-4ef3-a98d-bb0931e6cbca,1
b8f10927-d479-4836-9c84-19e108e4ae24,-1
026bb7c2-efec-45f0-8e28-7db8644a2353,1
3239e0e9-fbf0-4afe-bf2a-8a855d440004,0
050059a4-6d20-4f9f-b8fd-7d9b37c48841,0
ed45b364-515b-4322-8d15-1045324fed55,0
58c23167-2aa2-4e8b-b599-b5a0ec799980,-1
517ed749-5cfb-43ea-8117-64d204d46d35,0
0a58cad8-6d6f-4c5a-be14-369ae88d6807,-1
4a288ace-f6f1-42a4-bb76-15e19d8e5d79,0
9f9d68b4-a13c-4423-96ea-c0c322aaaf88,-1
d54c1eb3-68b4-428b-8931-23ea21087677,-1
3ab65fa5-2ea0-4e23-bbdd-1093da81c936,0
80d84bb9-bc18-4085-8fb8-61881b4389c1,1
b270b227-8c6a-414e-886b-4aa341ea9a24,-1
c7728271-8f2b-4c1b-bc5d-0f88042e1a8f,-1
7d27b682-44b3-46b5-86b1-4d8748bebf6a,-1
53f9363c-3e56-4880-adcf-71709aff539d,1
b25cd2dd-4836-4d4f-b07e-7fb4564beca3,0
0a01b0f5-269e-4162-ae49-3ad025cad4e0,0
c381fe6c-62e1-4461-b51b-9d292f23a827,1
ed452a14-7a79-4537-9e26-823ebda6348f,0
c00e2f94-33cf-4922-8429-a1726bb8ab33,-1
54c25bac-5eab-4416-b17a-30f221406c93,-1
6748c006-7de4-4683-a6d0-9bd064bb5748,-1
d6b7462f-9727-4cfe-a2f0-0e5397b2a094,-1
83f392cf-2bdd-44b8-9e26-b9ca251049b4,0
178086d6-6972-4207-bfa5-7de74301e177,-1
e0159932-c9bd-43d7-927b-48f5f0b74b22,1
a3ce2d8b-d102-4b31-9a6f-b31c0e55b144,-1
e5bc111e-d54b-4618-a67a-befbd3c69cae,-1
6ed31189-0348-4f03-9f2c-83c77fadfabd,-1
167695a5-ec51-408d-974a-7a1064e92fc1,-1
509fe922-0b9d-4f9e-8a50-a691fa9c31f1,0
510f4d37-d06e-41cd-baf0-ef00718aed94,1
97be340c-a007-41ff-9f90-13d43d3168b2,0
c3bfdd09-d48a-4ecd-b791-68cdf1dc162d,0
1a91f72c-d9a0-41a7-82e4-37755db1d926,1
3a229c02-02b7-434a-92a1-9372b2c1860b,0
7e548da2-a11e-4b2c-b206-efb4c07df4aa,-1
58277288-74dc-4c6a-bde6-b8f0c49f18d0,0
9d0b860a-2cd9-420c-a9b8-1bfa60b26e09,-1
076976b5-1997-4550-833a-1de4ad027a9f,1
b5af45ad-36e4-4d22-864a-93ebc4398df4,-1
f3375d78-88eb-404b-afbf-e4307b40aec9,-1
867f1b1a-2509-42b9-b79f-3877e2623b26,1
64b149b4-8e95-40f5-8e1f-7e86e55fb470,1
91040182-e9e5-44d0-957b-5c919c6632db,-1
f88a44cf-fa6f-4014-b642-ef05ee93594d,-1
7cc6597d-4c4d-4593-896b-8b86179a91f1,0
f9ee4ea3-59b2-42f0-9c1a-e1d48b67843d,0
b768fc13-ee0d-4101-90bb-5955b2a22b62,-1
3b63f448-22dd-45d7-bcaa-63bbb5a29843,-1
f546a842-4c68-4ed6-9b19-64e3a3902a6c,0
040b4b79-bce6-4472-a4af-dea43929bf63,-1
daf2e457-b744-4189-a412-9e8f370be5e0,-1
c1fd8e6b-20c3-471a-92b7-4d332902dc82,0
1b70378e-7f16-4af5-b7e2-09dd1a1f2dd4,1
59966b81-55f9-40f0-958e-8cd4b1162a4f,0
f8e6f25f-b66c-4000-bbf9-e97b3c3e3e14,0
da9bed8f-17a2-4fda-8def-f91a7c35f8f5,-1
84fc8e57-9604-44e5-91a1-a558f136a7fa,0
eea609a1-8b6b-48fa-82df-fec01dbef8f3,1
5639081f-d8c5-4025-a3c8-4f144c1efcdd,-1
0caa668c-5eb8-418f-bbe0-52ef9f83b8b8,0
39862637-1744-453a-9c9b-08fffaf354d3,-1
2b4b4c39-1e36-4c42-8a08-837a2941f16c,-1
e260eced-2ead-4413-ab51-e2b7b5b9e7ce,-1
19dd0775-bd70-42af-bd97-90fd75f832fb,-1
8425830a-57c4-400a-8c6b-f0a0493376ff,-1
3d95fa8c-3cd0-41fe-94ca-bdc9f95c753f,1
b0029e00-76df-4afb-a135-3e1989fd472b,0
eb51470c-1294-4bb2-9f39-0999acaad11b,-1
1fb06fa3-bfb6-4f5d-850a-d498ce34dd15,0
2cc79982-a5b4-4199-8e4d-4660e0d6d712,-1
a6e6bb9a-d31d-46f0-bb8a-0cf68416c069,1
4c534862-7491-4b91-b3f0-471f556b6c7b,-1
fcd20dc0-5d71-4493-901f-1ea71a3647d2,-1
60d8ad8c-24f2-4064-81a6-0af0c6fca416,-1
ec76b591-7d7c-420e-9533-c1d31a2ba8aa,0
0af895e9-8068-420e-a958-608dfd1354b0,-1
e072d326-8f12-4141-aa6f-517ab3fd4056,1
307f5f78-6928-43c6-b9f9-b4626235506f,-1
c7833e59-1798-47e5-a17f-cac66e830ff1,-1
085fdc63-204c-45d9-b566-1392757f94e6,-1
30daa7c2-1b25-499f-88ca-f0bc8c653e5d,1
f451ecd5-c103-4875-871e-d0491993eb4f,-1
366e6d10-4bb1-4455-8805-d414fe61b95a,1
2a15866d-851a-4f61-af29-b7b65948ff83,-1
b915eb72-b1ed-4d68-a933-ceb186a51c62,-1
aafe4f9b-3dde-468f-ad2d-883377b9e505,1
3a452c9f-a5dd-4d7c-99aa-5513696e28cf,-1
fada1043-a46c-42c5-bec2-f8e23b3d7489,-1
4a757bd0-19f6-4ad2-8830-1a7baa1301ed,0
a9ec966c-d651-4440-b0c2-a465686a6f45,-1
ffc8d7f6-e165-454b-a2bb-0b9eb1d7a658,-1
bafb8aab-d7be-422a-985d-8124152919d4,-1
5b669237-de5d-4b50-921d-6bdde86b11ce,-1
487d167e-8b66-42ef-9d35-d3bd10ab5d79,0
a4feae8b-f306-4e2f-a717-3b3100df7b4a,-1
64f4e458-17ce-4c8b-81c1-f6f9166d60a2,-1
d38c0318-7067-4874-8313-abef21819bd0,-1
e7258f53-6973-4ff6-b358-18c2b224f56e,0
6b63d095-2f89-4a57-9d61-6de1971ca3fa,-1
b55c252f-fd19-4c48-a57a-e97026578ad2,-1
29e2b49d-c6c7-4720-8fcc-afd34b31befa,0
ac4c679d-6bed-41c5-b85b-c562b3b42691,-1
d029209a-e7b1-4428-ac6b-f937db88bf42,0
bbca8109-3da9-46d9-84b5-07a834e59038,-1
3e212efc-d690-4d05-8817-315744b8a6e6,0
f13a0da1-fcd1-41ce-8671-8c29231b6e34,-1
83a02aaf-0b13-4233-bb7c-2751dfed96eb,-1
6cfdaa08-225d-445c-b420-c9f138f84e89,0
90c82ccb-2c6a-4c68-ae21-0cd35a7087e8,-1
70567b4e-93ca-4910-b113-3a6a1aa0071c,-1
8af16af0-409b-4027-9dad-94b8df18fd4b,-1
6ca820c5-f97c-46a7-a775-5ed211b2c789,-1
99820c04-c8c0-49a2-b87f-78554427f0cf,-1
df55a231-7b9a-4090-a150-435698013568,-1
9d04c804-8ff8-437a-bd01-6b71acba167e,-1
0ca37780-f193-45c9-9def-a2d4544e8f1d,1
7686979a-4b7d-4586-bcca-ed9499de413b,-1
5ee52e20-ee84-423d-9c07-1cb068a1b50a,-1
863b46ba-6394-4211-a186-1f138011c5f5,0
e1b4f4b8-d2ec-4bc7-8e87-2a51ac37b06e,-1
f78ffa26-fa64-4afd-86bf-521ab867507c,1
e423e124-e3f3-4653-bdd3-1bf22a01ee39,0
b619dd04-3d50-48f8-ad53-f4d6760594e6,-1
236f2a3d-00e7-46e5-949b-c14c51492ffb,1
ddce82d8-6de9-4f74-bf61-72072d340b24,1
d86b2ead-f06b-4bf4-8b98-f4519e32019b,-1
fac3443a-c6de-4f37-b580-38825f1648cf,0
bd1ae16e-4703-4a75-9a6e-19f6d9ff113c,0
870360e2-5979-41c1-8675-77711411de3b,-1
09b1777b-586c-4985-b18c-f9901473354a,-1
0ae1648d-4322-4f31-b22b-45e88ebc94c7,-1
cd422af0-ac2a-4039-8321-61a1bcf2b12d,-1
9ad67c33-c8ca-422b-932e-18d51cc1469b,-1
9072f4da-1806-474a-9fd2-60c675475b59,0
9488900b-fbd1-4422-9f88-01598231fad1,0
4c80d2b0-2ee3-4e58-affe-83dc4cd37cb8,1
77ea746a-9a4b-49e8-a8b7-f3ce395dd606,-1
3351af76-9027-402d-b6ae-600213eb70fa,0
1143085f-b4c1-4a02-a1e6-621ded933f85,-1
cc7abce7-c2d0-44ec-a9a5-259360090d5e,-1
a108e0d9-80f6-43b3-a4a7-6c5142f18bd5,-1
afdb48e2-2027-488a-bb3c-d757edbd8753,0
b112b66c-d2f3-4446-b1ad-6983ed648d67,0
5f2a45cf-b6a8-458c-ae7f-534b854a20ca,-1
f64aa524-3cac-4f2a-9930-7b4bc0352005,-1
2d08b84f-72f0-4160-8dc2-59005fab33a8,-1
917f22b0-297f-4851-b3bb-2242991eeb9b,0
8df10fb3-43eb-405b-8a34-ec558757df7c,-1
d8edd6a8-a5b8-4ffa-b786-a475cfe08cb6,-1
3f8ecffc-6f6f-4950-b227-331f9d36c7d7,0
a0a04260-bf03-46eb-ab58-1bf2262a583a,-1
696846b4-d37c-4795-9bff-f3ae8e3b06a9,-1
5ed27c5a-c5c3-4699-ab1d-c4f29597bea9,-1
91f1d041-b65e-48eb-9353-067fb8935340,-1
cf0179fc-7d72-4741-b1a1-0569c13a6d71,-1
02bd321e-e154-4c2f-8b97-6efbb18d09b0,0
a142e6a1-05c4-4761-9460-7395aaeab9c7,0
2fc9add9-ed78-437f-b278-6b04b2af8165,-1
62caccca-4491-47aa-9275-15d32e892756,-1
d00d17bd-24ba-45bb-82ba-bb80d0036e05,-1
9edd6b02-51b5-4ecb-a30a-1a7f9f0194be,-1
a3dbf5e6-5906-47be-a2c4-adbec627e03a,-1
e7161dfb-a460-440a-8653-34303cdf27a6,-1
de6b8020-5527-4048-b935-92440d1b4993,0
9df6eec5-11cd-421f-820a-cd205b4ac220,-1
cf6199ff-d3e6-4b7d-96c5-e82ba5e3213f,0
3abb74bf-0c37-4bfd-a06a-b0ba3fd385d6,-1
dfdaa367-dfa7-4a6c-adee-6cec74156e61,-1
76151e90-8aa0-4e3c-95ff-70729587e2cf,0
f5038edc-2894-4f9c-8c81-e9484bbc40f0,-1
fdaab9b9-cbaf-4b89-bd1c-9273af3127ea,-1
ac46df7c-c0e9-4589-a058-61c594cc59c1,-1
9167b0df-ea70-4ec6-b239-e02c66e776bb,-1
1704b18d-45af-4391-b9bd-6488790aa876,-1
6289bc8e-6d9d-458d-9b8c-e2e5a89a6d86,-1
611d2a88-6b4b-4e3f-8d51-5d918d99e353,-1
54d75fd9-f90f-44e0-b95b-eba6e67ed485,-1
e8fd4626-edc1-4b1f-bbd4-15f301a11b67,0
12de0602-4865-4c7e-81b4-e0fcf3fe7485,0
e2c60ee0-99a8-4293-b74f-316cd2e1c8ea,0
9bacd5ca-cd74-4539-a8d0-01ebd3380c21,-1
b9a7a546-2c03-4a5d-a67c-14b376cd1f99,-1
77eed103-8181-417e-bb68-cde195721a1c,0
b17fb936-759e-4abd-95fd-8dcaa3fb2d8a,1
b3dcc28a-d5d6-43a0-9ce9-a976e3edfc1b,-1
ed93eb51-eb43-406f-bef3-d0f13d45d290,1
2e957601-b18a-4247-9084-60c9c6a9df6c,0
3636fceb-2c10-4ce4-b87a-badeb14422cd,-1
9ae422b5-9d1b-4873-b76d-39c5320538eb,1
9684dad7-c86d-4ade-a79f-91a29c4ad0a3,-1
f8aaa048-a927-4481-9044-86c651f6a9b1,-1
98ec0839-b3bf-47a0-9a5b-9ac0fcb0d6c4,-1
8ca1496d-8d37-4dab-8edd-3d69a1f69810,-1
9d388e4f-244a-409d-abcc-e5c050aee429,-1
e0e1dd58-45a4-4a96-9f8f-086bee5cfee8,0
646d7d4e-ed1c-4eba-9513-d4c19c0be099,0
e8683180-718d-423d-b5c9-12836891127a,-1
fdfbd4c2-a77d-4b6a-8dcd-2d49a140f38a,1
f2ff006d-44b7-4ea4-8791-c759a45032bb,-1
345637ee-5526-4830-80b2-ffe371dce1d5,0
8ed28c32-860b-480d-83a6-d8555912f1ae,-1
54eba471-a40c-4bdd-bad0-e5068353ffad,-1
849d97e7-b85e-4c8c-98bc-12f3ecd884d7,0
3b67cb70-d703-441b-8af4-556005a1d65a,-1
6789d5f8-448c-49e7-b098-29068e671555,-1
cab26dfc-c0e6-447e-8919-ba478a6ca47a,1
e7c05035-d71d-488e-8cb2-ea9395be5d45,-1
267fc44c-3f8e-4a8a-a3d6-1066779be9b2,1
556d71d1-f19c-4cd8-8376-83b25c604d6a,-1
3f976513-79ab-4173-815a-4af2559e621c,0
45ff20f3-0d44-4d16-93ab-2196e1ac0d2d,0
dcbae4f8-e820-45d4-963c-de263cffc6ec,-1
ea1733c8-50b2-490e-8290-21e51ca9a700,0
59d07e0e-26df-4137-95a6-c0754a9def14,-1
249cb1a8-2da7-4809-8afc-711f0a250332,-1
ba8b70df-0b9a-459d-bbfe-296a0a7f9bb3,-1
0d2d047d-6187-4544-be65-990e601cefd5,0
7fde81ff-c2dd-4dd7-aaeb-4fe3d6772d05,-1
c0175301-417c-4ca4-be89-fcb54119dbe6,-1
ddab65c1-62bc-4d5c-b610-eebfc6682cb8,0
92bbfab6-cda6-4d17-b665-3ae247408206,1
b571a620-07dd-4f7b-b85d-d4659cec433c,-1
ab48b202-e879-4191-9a6d-d582b95ecb5d,-1
dd51e1ae-237a-4077-a07f-8357d7e4df13,0
437e9125-42e1-40a3-a1a0-17db982e3faf,-1
b718e71c-b5f3-46ae-80c7-2a2504fddfae,0
0c53da6d-fa82-450e-82c8-2daf0589c493,-1
61ce01e0-b8b7-4dcf-ad04-2aa9bf43da9c,-1
45513c83-9ed0-4262-8c8d-1134e9edfaf4,0
6b3aa776-6a16-444a-975d-ce5beafa8f54,0
9b459cd2-de78-4376-9e43-7f38bbda45f9,0
6babfd81-1368-46aa-b6d8-b194fdb156a9,-1
54f3c72b-983f-445e-b83a-1c8b9cb80759,-1
179f458b-4945-4ee4-8557-99fc7b081227,0
2ee4d4fb-d66d-4716-8874-cf4bbf6f32bc,0
1b086ac6-ae66-4aa6-bac6-16d67e1605da,1
721fd1e3-8a8d-4034-9449-e06863c98980,0
b1c0db3a-a95b-4951-82d4-df2638261a61,0
f753365e-6644-4f2a-a81d-484b7feafcea,-1
d750fb22-2e07-4bcf-90c1-564032ce73bf,1
f2913577-3b48-466a-ae59-28c9d0720825,0
7681f60c-4989-4701-a701-c70efa60c5ed,-1
4f5d8590-314e-4daf-9130-8dc27596a08b,0
cf863167-ddc1-46b6-b896-883a95850596,-1
ef3b05b6-2f1b-411f-a37b-22df2c2f25b8,0
d92afd45-b803-4400-b4cf-3d066ea09ead,-1
443e914b-7487-48f9-b661-9856b7f60447,-1
19f84454-505a-4ebb-a10b-d5fc215b9ede,-1
765362e1-5569-42ed-b7aa-f4db1c52a32f,-1
17d52d01-26f9-458e-a368-ae9a2a9d10ec,1
f5c56c89-dfd4-43d7-9db6-dae15be767ac,-1
12adb383-40e0-4e95-bfeb-94670b1a878a,-1
540f6cdf-a6e3-496b-b329-0be88c84234e,0
847a340d-a65a-43bf-8d45-4fa8568fdc71,0
efc9ebeb-ed10-430b-a182-972a31577dab,-1
76edc907-14db-442f-91c5-aef3eca4bd79,-1
3523595b-2e68-43eb-bac5-84629f47a0c1,-1
e67fc5c4-dec8-4207-b6c1-18bc7968073c,0
e02b7f49-2e1c-4037-aa24-00bd9e418342,0
a068cfea-0a99-4d4f-b953-315a26fa22e5,-1
27c730d6-f55d-464e-a999-343a7f1092a6,1
6834195d-5f11-4263-aba5-e16fbfb03e95,0
c05e99f2-5de8-4439-a4da-f479d2e620e4,-1
334b6bc6-2740-480f-9a8e-def452564f24,1
be64e351-0390-4e50-9bde-2b16f494da53,0
65c51215-179f-4155-b8fa-ce9db85c0da6,-1
fbeb2de7-10c3-43c9-87e8-0fe4776ee071,-1
85209e2d-359a-43c7-b8d2-d044ad95086a,-1
e5eec3f0-9b95-48b9-bce9-8fe26ef9a1a1,-1
c93fffdf-2b81-4dbd-a2fd-2022e12e7e8c,-1
af99a5d9-0e45-4da1-b427-81862fb66772,-1
d67a5c4b-552c-4b24-9e65-688d7be98ca0,0
7defb705-5188-4d94-984e-1be5a405a444,0
16c014c2-43ec-46fa-bb09-316e671b19f6,0
072a9857-d450-4272-867d-9a771697d5cf,-1
d7fd66df-2fdb-47cb-a02b-ce5d5e8e2d7e,-1
cff52ee8-30e9-4f3d-81e4-ee7bdc8b663b,0
72065272-b38b-47e3-9b57-a90ecc10b0f5,-1
830d7751-689d-4df7-b920-b3026f89e8c2,-1
472c7d12-4b40-42f6-8b80-1c08fba5fa91,-1
0e650c49-949d-4a39-8a3b-ce59df07c6da,-1
4e43951f-d604-44be-925b-76821a3ff8df,-1
377d61e7-edd0-4b1f-b7ee-a0da50b705d9,0
69cb7e8b-ca11-4206-9a3c-e334541354ee,-1
db111099-557f-44be-8af3-3a25979da7de,-1
415e480c-1b3a-4019-b490-374ca2ee6f28,-1
f5519824-f169-4525-a36b-8e2a10c0d2c0,0
1111c6c4-7ea9-463b-83ab-b856a6201d25,1
982e1638-b3d0-4d0c-9308-5ee36ea49fad,1
9cec8421-6e41-447f-8c1a-255921432c4e,-1
157f04e1-a949-49a2-a4a0-d096fe050b81,-1
d6020d88-99f9-4026-b314-75ad0d6562d3,-1
7f88817c-790a-4fd4-97d2-597610e0c939,-1
0bd4b935-13c1-4197-8da6-22a53c75936e,-1
bd7f0d74-a283-44f7-af19-df381dd4f1ea,1
252ea6be-c3c4-4243-bc99-02fac13435ca,0
3428d801-b703-4e58-8910-f6cf0d2a99b2,-1
5179da93-63e0-4c5b-a17f-6a98648ca879,-1
18d61ab9-2ec9-4203-bfd3-28838a60e6f5,-1
d78c5ca7-f512-4568-906d-2f6d7c2f7a01,-1
64384450-68b0-4a6c-ab28-11b3843dc049,0
9f0eec08-6079-409f-a409-3453d74c116c,-1
000b6c74-ad68-4e47-8e61-e6c30cdd137c,-1
bf002070-3f88-4da2-a247-e80a2e408d23,-1
be082d2c-fb8e-4615-89e0-2545e4dec85b,0
9bd7b894-64a6-457b-8b33-77fa814eebc5,-1
9c73c84e-7119-42ee-a0f6-56c007bc3a1c,-1
2ab4c540-7a66-4613-8304-7a66d81912ec,-1
f3450f26-61c5-4d76-9945-211441749405,-1
c146e3a2-dab8-496e-a880-2f319a57f826,1
33b8ea23-ef5c-4f04-ae06-f0b675a7c2e5,-1
d20293c9-fa3a-433b-bea1-ed0319ac81ed,0
5ed58949-3dc4-4faf-914c-0b7467b04696,0
f4756951-22c3-4946-91b3-f1caa8ef46bb,-1
4b5b54c1-e2f3-4e62-8d4a-b3afd3102bc9,1
f8202164-42f5-4ddf-9799-5d68312f91a1,0
cc13960a-26f3-4f9b-9b49-57f58048b337,-1
49da469e-8f09-411d-a8df-faef68e86170,-1
ba61d88e-8fb3-451f-9e96-8a419069087d,-1
8cd5269d-a81d-49f1-90ba-10e6ee3a513b,0
e0696903-6efb-4d03-a239-9fc88c42cfed,-1
01227997-2955-4747-8c2e-84190ee47dab,-1
e564379c-2b60-4bf9-9c8f-fd1b6e2f1bf4,1
af5df513-354a-4173-8c13-f177c54b86b7,-1
c0894120-57b6-4a12-b1bb-55a4528d4790,1
dc57936a-f9d7-4cdd-8923-6b793eb2dd4b,0
78d50724-474d-4c8a-ab70-e37cb2f3e965,0
33266f9b-0770-4ded-8fd2-46621bdc10e7,0
cc86f401-d469-408f-9032-fec4f03ef8d8,-1
1b3b74bc-b8f5-4ae3-bbc6-0ebee3796395,-1
aef16087-c022-4887-9d4d-840fe279519a,-1
c678fa2d-0617-4511-a206-7dce97d95b39,-1
057e020c-0849-45b2-8328-f0fe596afa62,-1
49facd8e-d46e-4bb8-9b19-7e87bfab3379,-1
07ab99f4-7a1e-4af7-901a-dbeea6bea06b,-1
061981ed-f626-4a6f-9e3c-b468f24a90f8,0
44367396-3932-4baa-b288-8c4d07f5dddc,-1
8b1b8344-4708-4880-8a55-f4ff5232138f,1
4cfe6d0e-1ec4-46b4-b7c4-5e79b252eb69,0
6b551902-02bc-45b9-b9d9-82592c8695d2,-1
df03b440-aed1-48b1-b432-718be1196a2c,0
9ace9aa7-7b68-46c6-a715-d7f726af2092,-1
c52073bd-3576-4fb1-a7a3-8f38d0176b90,-1
56aa7438-5c0a-4afe-9182-5f7ce2104dd4,1
40f51f76-5d03-4ebe-b3f1-cb5f1e43d8ba,-1
42460612-9631-417b-9ebb-ca0975ab584a,-1
8fba032f-37f6-4f4d-92c6-4b1d5a41bb76,0
d20ed2fd-b61f-4aee-91d7-a699a426ea16,-1
83c8a863-58b2-418e-8f5a-18f960ec0d94,-1
c8d7f38c-316f-446a-b83d-dfe05db4c309,0
dd33f392-cb45-4044-a01e-790ee0617f0d,-1
2369b097-f50d-4a02-a2f4-b9faa0245243,-1
7e4e3818-bda6-4a44-a921-af06af199d3f,-1
d5c013b8-98ac-422f-a061-49cf46d2ad2e,-1
d661a59d-da67-4bf0-a518-c08868b23081,0
401e7ea3-3eb1-4628-b760-1d7b6ffe0ad3,-1
8d394005-5eec-44c1-b1c6-9116e90087ef,-1
70bb7410-58ad-4f16-895b-da58e28a796c,-1
e435c62e-09d5-48dc-b2ff-74b274aee32d,-1
87711442-f8ad-451b-b0fd-468a5938b16c,-1
b24d144d-87de-4ab8-89a8-052f6c18ee42,-1
4ce83bda-490c-4464-8d94-ab9c2bd7aa3f,0
73718be7-fecd-4577-9033-d0a2eacf7790,-1
438ae37c-9a97-4d04-9a61-bf2ffa6b75e1,-1
93e5f223-213d-4218-b2cb-4957615104b4,0
4d2375bf-7534-4b2d-9677-d59b8ac9e7dc,-1
dbd9d421-62de-48af-b22a-7cf39e8f8059,-1
e65fe392-aef1-42fc-9c29-e457ed6aa287,0
0548bf99-8b41-4230-a3a2-40f8f6f456d7,1
79469864-fce1-4a4c-b00d-bcefe5bf6e63,-1
57971618-e354-48b9-aaf6-4789fac8b6c2,0
87c635fa-518b-4615-b2e0-cf46c773e14c,-1
6eb1d9d7-b98b-48fc-82f0-79a9ce3fc0c7,-1
df45593d-e08a-49b2-82de-6164ed981b5a,1
4d3a6ff4-9891-49da-a878-9f77fa88773f,-1
2fd70c12-1612-4abc-bfda-dc46201c0d6b,0
79fc5e50-f076-4fab-9011-d1f0c94ad6b7,-1
75ea4810-1403-415b-b3aa-9214708431a6,-1
4b1a3c8e-aee9-431a-8e7b-6f8a3a35f631,-1
1bbc870c-02a9-4881-98ae-8a4f97cd47be,-1
8ccdaf85-ed35-473a-96d5-972779184998,0
209acd89-8618-48c0-897e-74155275324a,0
404353de-19e3-4bc5-b16b-68079c8ec1d2,-1
b6cb78c5-abd7-42ab-9957-690148f400a2,-1
c2f5b655-f0e4-4f1b-be86-af4d52d55525,1
29fe855d-c93d-416b-90c5-c6320ab0aa87,0
62fe4b60-c4f3-4a91-9b84-8526c40654a6,-1
c3b39889-ec4e-4257-96da-b7b581be716a,-1
d076baa7-9322-4736-a539-9e09e1e49cd9,0
f824bf84-7ba3-470e-8002-5f3ed59af494,0
a2e43076-d2b4-4ec3-b778-80318c2bdf1c,1
8a1db54d-f1e0-4d6f-904d-7a7990b8a970,-1
56e740f8-149f-4263-bd4d-701b4b45f048,-1
96fd33f6-c81f-4933-b45c-8776cfc79a12,0
00f99c64-f89c-455c-b220-7d4373a8ab95,-1
81a3ed20-b7dc-499b-be9d-81b535554332,-1
aef51503-721f-473f-8104-c13c81e4c05a,0
1d056197-22f9-4963-ac78-cdfc3429124b,0
12b9a5b7-6b4d-4bbc-be2f-6cf401918227,-1
eedcfce9-fa28-4a30-beb5-c67534612153,-1
8dd6b38f-8303-4819-a02d-f7b701c1f87f,0
3d46ba69-ff18-4f71-b691-a42ba8ee08f8,0
b78befad-0b14-40f0-9867-d7053f5917f8,-1
2f1e56d7-2e7e-4aa5-b6d9-96f31328726d,0
575b8f9e-70a0-4d55-bd34-0b97812d241d,-1
53c30efc-03a5-45d3-8553-3ddda7d00e78,0
68f03c81-27b3-4174-8dd5-7504de0ee40f,-1
8f932ab0-41b5-4d38-b927-355c13c5eb1d,0
8dccdbf0-19a8-440c-9271-d6fad539e31c,0
fb74aaf6-f888-4667-9413-3d961a328198,-1
2eea9db5-24f2-4bad-9792-da0eeaf7e8f4,-1
bc8a58d7-5689-4c55-bc9e-be6dcfcd038a,-1
84fc7ad9-16c6-46b9-b40b-8fd3aff8a1cc,-1
899f2302-9fde-4fba-8826-4bd67c59ff1a,0
bcd9b877-59a4-42e7-9347-041efa7e022b,0
88585bdc-6fb5-4400-8546-142c0749431d,-1
a2376c16-6ea0-49ef-b4a9-bed059d2cfed,0
b80a4a7e-249a-461d-8354-05f8185df57c,-1
58b0e09e-ca75-48da-8b12-71caef6c5ab5,-1
3aa601c6-0d7a-45bc-b797-1f46456ac73c,1
25408796-2049-45e2-ba0a-f63c4aabfbe1,-1
71f93bda-3747-4db5-bf9b-5222750388db,0
4ac007b4-54e2-41a5-81cb-23cbd5b8d7cf,0
59653026-830c-47bb-891f-8f61c7a876cb,1
72a3692e-b1ed-4811-b03b-9dfe91d7b094,-1
a617a166-188a-4d6c-8e5a-801e0091963f,0
4d8863be-60bc-4620-a2d6-7f647fe366b3,-1
019a992a-6f86-49da-b6a7-66f947181077,-1
8b5d5e44-4592-4947-afae-03bcb64d713c,-1
3b3a675a-8276-4b57-9d61-d8a0ce4a1e23,1
6f9e8a27-705b-4163-bf3c-f219374e4ab5,-1
5ce247c0-15bf-4746-b498-b2139ff2cd7f,0
1ec0231b-c0fd-4943-9751-41f5df2d5b52,0
c30d71cf-44f6-47e8-b081-5243c65c6443,1
dda954bc-adbf-4d35-9cde-36b5bcbf09b6,-1
82bc0538-e9c6-4b01-a6cc-42f6e1dcb731,-1
cdc5f086-d348-4732-860b-7ad4c7e8ca63,0
740ef604-88c8-46f2-9901-5c075385e28d,0
edb2c49c-d1c1-4c03-b96f-ac4bdda906ce,-1
deb6c6e4-a996-4d49-90c4-39b7bed20caa,0
92c6353c-b7f4-4429-bf92-3fb2a9c7a338,1
65cba5a7-1449-4aaf-867f-1a851af36ed1,0
2d142faf-5001-4ef7-84c6-a1299224d3d0,0
ce4c11ec-95c2-4a38-84f5-8871c76352a4,0
181d6042-2f38-4316-8b5e-f0f6f832d11a,0
8f826ce3-876f-4038-a6c8-0415eacb1293,-1
46572318-476e-4467-a75d-2da9ec9d6672,1
6f2e7d16-4158-4288-998f-32d7c940bf3d,-1
b6faec33-80b1-4a0e-b46c-eb3563caa6ce,0
4c3153db-9593-4055-8931-6c3bdf98316f,0
9ad20bea-e8ad-4dd1-a8a6-15e8f084f741,1
86446f00-8985-41b3-a5d2-c7127e6feefa,1
8c296d89-9b87-4a40-8cc8-df0f766f2df9,-1
53e34cb6-680e-41bd-af66-eefad38433c0,1
59062fa2-eeae-478a-aced-fc2aecf247bb,0
b1ad96e0-b690-4f71-a61c-2f0b75dfe862,-1
9dcb896c-a711-4ab2-b1f5-a0e1c2ad1779,-1
4f524c10-9667-4a18-a188-c5a78be7a1fe,-1
2e90adae-9da6-41ee-895f-c45c13b1e752,-1
19361684-3ef6-44d4-a465-73ee2e726a39,-1
3f1d8afe-cb1d-44cd-a16f-46d887be8f07,0
9af5eb6c-4cbc-4570-aacb-06af9efa5990,-1
43a3f9ea-82aa-4a2b-944d-177c70a55e0d,0
d82d771c-c978-44fe-969c-f5e14d7ea263,-1
d6179ee2-5b12-4466-976c-c41786cf80e5,-1
dc16bdf1-55c4-49a6-ba63-2b8564dfe6a5,1
48f11e32-b8db-433b-b977-932d5f205e08,0
a69597c4-6f4f-4eb5-8c3a-a1a90ce23782,0
cb12c889-fdac-4aff-a2be-d17dfeb1b8dd,-1
e6996293-e714-4e01-b51d-23305a43ca1c,-1
483b39e4-f4ef-414b-bfe5-95639ba02427,-1
abc711ef-9fe9-4571-812d-42ac37535f04,-1
2d5de0df-2253-4155-b4ae-d636fab3f1f6,0
94562160-4956-4fca-bc23-9b8df732f444,1
3bc3f7ef-6d2d-471a-b6b8-1dcec026f16e,1
21bcc098-7a98-411a-8cfd-a825b72fa978,-1
b67a3c02-d71e-42e2-8f07-5f56bfdcc316,0
9a695213-012f-4d6b-a80f-9ceae47bcbb4,1
a7589f9e-5030-4a30-bcfd-e28005be07ca,-1
ff6aa281-c066-4a57-ba5d-1613c69cc8af,-1
b88ff749-a37b-4ce3-8b8e-eda6ad5db780,0
725e9d8f-2c8d-4cbd-9ba7-2a3d9b2f725e,-1
cb5bfcde-1c98-4aa5-81d0-52a7b890652e,-1
4bff274d-babc-4f3e-bbd5-2d97be49fae7,1
9278cce5-e6c7-4169-946d-8a5814f92ea1,0
f688016d-15da-4bd6-af63-d0750857a74d,-1
f57ddcb9-c4ad-4c8f-a0e1-ad2b9363bb83,0
290adb2c-4eb6-439d-bcc4-4763a5fd6383,0
fc60d086-29d4-4e65-9422-0868539d77f1,0
93bd312f-2316-4199-adbc-7b5ddd9478f6,-1
0af1d5b5-a317-48fc-87aa-c6f54ad53763,-1
90a67e02-4442-4f7c-a126-b0b336e5d7ef,0
01657f83-c5ac-40cb-8e6c-f2b506d33c25,1
7c96d9dd-1b6b-4842-b325-932738f8fc87,1
4bfffc8b-bfab-42d6-8314-37daeb143c2e,-1
fa83ddf5-78c0-4a0e-8a1b-67648e07093c,-1
09a81cf6-e7c3-48ed-96cb-e345b4856f0f,1
36d8f96c-7ab2-45d5-bbb5-af0670e27ef7,0
7d7f134c-2fd5-4b44-8a53-6b869005404c,-1
7c617c71-a0fd-488d-ab35-4157c0f8cfbf,-1
77ce6921-3b3c-4802-9219-9f1bb1a65971,-1
bec7d91f-dc4c-401b-a6f5-7cd52c702ee0,-1
ef7d1a5b-854c-454a-8ec9-836c9e0f32ee,-1
07b2b6a7-8c13-4ed6-8027-c1acfc0f56cb,-1
b745c61c-fe2e-44b6-8ed4-f2dee7c84d9d,-1
64710867-126f-4b7e-b98e-a22029b85e1d,-1
5adae0b6-1ba4-4739-a2d9-df70c846be18,1
134af9d7-82e8-48c5-9aab-f7f8f373330e,0
d7aaa968-6767-4ef6-8c5b-bbb953fd9269,0
19bcda41-fcbe-4771-b86c-29270ceb9f33,0
cc10b3d8-894f-4d31-a67c-54be50917381,-1
fe3d8fce-bf78-46dc-a212-da990dc94731,0
33c97731-d4fa-4883-8815-2e5762139a8d,-1
d004fced-2e4d-4367-9dbe-24c5aa14d183,-1
65054aa8-da5d-4bd0-b9ae-0bd7edc86158,1
eda9531a-55dd-40e4-a692-984ddf842483,0
f56da0d6-867e-42f0-a344-7cf6791f83d3,-1
7e76ccb4-79be-491b-950b-39f3e1dc8981,-1
e28acd7b-d20c-44ed-90a7-cfc2f3a376da,0
5186b85c-8580-490e-941c-99719a58c1ea,1
64357cdc-13e3-41f7-b41c-b87c19c0559b,0
2089af5c-e718-4292-b228-c2f984e1a13f,-1
3a359cec-ced2-4a6f-bd31-7b100bb273fc,0
76342ca1-153f-414e-80d2-ca4b6c4622f5,-1
d22e042c-bc47-43ca-9d0c-86ef4f4753be,-1
7b60da4b-98f1-421a-8e72-d1c0685af54d,-1
40a23587-6109-4386-9577-737e92ba2195,-1
9f4c2374-7afa-4142-beec-a35fa73efd9f,0
edccd91a-905c-446f-8200-b8eb9eb25862,0
ef200d82-9a8e-44b3-a74a-4222f15eb9e6,-1
e1d0c188-723b-4861-abfd-0c1373065caf,0
fdb634f8-db63-4b37-a2ab-67fa921529c2,-1
cc03144d-26b8-422a-97e5-2a12bc51e37b,-1
96390737-7fa2-4514-9eca-7b03f35ad253,-1
906a9176-22e0-47b7-b124-5ab29b6d779b,1
10a2a354-ec57-4311-8237-763771b28d41,-1
8c931d65-a416-4731-8788-21ae437df3f0,0
595a9780-f84c-4832-a2d3-18414fa85730,-1
b753c4ac-c66e-40d6-9782-2040a1ce614b,0
c74b04dd-2d7f-4ea8-b37a-9b6a5ccf77f7,0
66c17f95-b5d8-4c8b-b825-00700b310073,0
bae4248b-40c6-4ab2-beb2-ac39b2d0ef17,-1
a59eab74-999d-4d98-825d-76f998f248aa,-1
58dd086d-fd46-4936-bfe8-836407a7e911,-1
978e9a7f-0458-4b14-aaf1-e5dca245de87,0
02c20051-819e-4bdc-93be-913321ea4608,-1
c5770b46-b4b8-4472-8d38-99c6af87ab5b,0
244c84c7-a4ae-4875-a10b-30a03af91715,0
80241133-80fa-454a-9bbb-9ea40f07ef84,-1
06959a34-9d78-4c6b-bf86-e849bee73051,0
